<?xml version="1.0" encoding="UTF-8"?>
<!DOCTYPE student SYSTEM "student.dtd">

<!-- <?xml-stylesheet type="text/css" href="student.css"?> -->

<student>

    <data>

        <name>Vishal</name>

        <rollno>63</rollno>

        <address>Shrirampur</address>
        
        <new>Name</new>

    </data>

    <data>

        <name>Meeni</name>

        <rollno>64</rollno>

        <address>Shrirampur</address>

    </data>

    <data>

        <name>Rushi</name>

        <rollno>39</rollno>

        <address>Shrirampur</address>

    </data>

    <data>

        <name>Rishi</name>

        <rollno>20</rollno>

        <address>Pune</address>

    </data>
</student>
