<?xml version="1.0"?>
<?xml-stylesheet type="text/xsl" href="students.xsl"?>
<students>
    <student>
        <name>Vishal</name>
        <location>Shrirampur</location>
        <class>TE</class>
    </student>
    <student>
        <name>Meeni</name>
        <location>Shrirampur</location>
        <class>TE</class>
    </student>
    <student>
        <name>Rushi</name>
        <location>Shrirampur</location>
        <class>TE</class>
    </student>
    <student>
        <name>Rishi</name>
        <location>126</location>
        <class>TE</class>
    </student>
</students>